,job1,job2
job1,1.0,0.3898300711254119
job2,0.3898300711254119,1.0
